{"Episode 1": 179.93423652648926, "Episode 2": 180.06787133216858, "Episode 3": 345.8549394607544}